crop,AL_only,AL_FixMatch,improvement
pepper,,62.96296296296296,
potato,60.0,53.333333333333336,-6.666666666666664
tomato,31.343283582089555,32.08955223880597,0.746268656716417
